timestamp,steering,throttle,speech_output
2025-04-08 20:07:08,1.000,1.000,"Right 25.0 degrees, Accelerate 30.0 kilometers per hour"
2025-04-08 20:07:10,1.000,1.000,"Right 25.0 degrees, Accelerate 30.0 kilometers per hour"
2025-04-08 20:07:13,1.000,1.000,"Right 25.0 degrees, Accelerate 30.0 kilometers per hour"
2025-04-08 20:07:15,1.000,1.000,"Right 25.0 degrees, Accelerate 30.0 kilometers per hour"
2025-04-08 20:07:18,1.000,1.000,"Right 25.0 degrees, Accelerate 30.0 kilometers per hour"
2025-04-08 20:07:20,1.000,1.000,"Right 25.0 degrees, Accelerate 30.0 kilometers per hour"
2025-04-08 20:07:23,1.000,1.000,"Right 25.0 degrees, Accelerate 30.0 kilometers per hour"
2025-04-08 20:07:25,0.741,1.000,"Right 18.5 degrees, Accelerate 30.0 kilometers per hour"
2025-04-08 20:07:28,1.000,1.000,"Right 25.0 degrees, Accelerate 30.0 kilometers per hour"
2025-04-08 20:07:31,1.000,1.000,"Right 25.0 degrees, Accelerate 30.0 kilometers per hour"
2025-04-08 20:07:33,1.000,1.000,"Right 25.0 degrees, Accelerate 30.0 kilometers per hour"
2025-04-08 20:07:36,1.000,1.000,"Right 25.0 degrees, Accelerate 30.0 kilometers per hour"
2025-04-08 20:07:38,1.000,0.782,"Right 25.0 degrees, Accelerate 23.5 kilometers per hour"
2025-04-08 20:07:39,1.000,1.000,"Right 25.0 degrees, Accelerate 30.0 kilometers per hour"
2025-04-08 20:07:40,1.000,1.000,"Right 25.0 degrees, Accelerate 30.0 kilometers per hour"
2025-04-08 20:07:40,1.000,1.000,"Right 25.0 degrees, Accelerate 30.0 kilometers per hour"
2025-04-08 20:07:41,1.000,1.000,"Right 25.0 degrees, Accelerate 30.0 kilometers per hour"
2025-04-08 20:07:41,1.000,1.000,"Right 25.0 degrees, Accelerate 30.0 kilometers per hour"
2025-04-08 20:07:42,1.000,0.835,"Right 25.0 degrees, Accelerate 25.0 kilometers per hour"
2025-04-08 20:07:42,1.000,0.730,"Right 25.0 degrees, Accelerate 21.9 kilometers per hour"
2025-04-08 20:07:43,1.000,1.000,"Right 25.0 degrees, Accelerate 30.0 kilometers per hour"
2025-04-08 20:07:43,1.000,1.000,"Right 25.0 degrees, Accelerate 30.0 kilometers per hour"
2025-04-08 20:07:44,1.000,1.000,"Right 25.0 degrees, Accelerate 30.0 kilometers per hour"
2025-04-08 20:07:44,1.000,0.619,"Right 25.0 degrees, Accelerate 18.6 kilometers per hour"
2025-04-08 20:07:45,1.000,1.000,"Right 25.0 degrees, Accelerate 30.0 kilometers per hour"
2025-04-08 20:07:45,1.000,0.908,"Right 25.0 degrees, Accelerate 27.2 kilometers per hour"
2025-04-08 20:07:46,1.000,0.915,"Right 25.0 degrees, Accelerate 27.4 kilometers per hour"
2025-04-08 20:07:46,1.000,1.000,"Right 25.0 degrees, Accelerate 30.0 kilometers per hour"
2025-04-08 20:07:47,1.000,1.000,"Right 25.0 degrees, Accelerate 30.0 kilometers per hour"
timestamp,steering,throttle,speech_output
2025-04-08 20:12:37,1.000,0.557,"Right 25.0 degrees, Accelerate 16.7 kilometers per hour"
2025-04-08 20:12:39,1.000,0.176,"Right 25.0 degrees, Accelerate 5.3 kilometers per hour"
2025-04-08 20:12:42,1.000,1.000,"Right 25.0 degrees, Accelerate 30.0 kilometers per hour"
2025-04-08 20:12:44,1.000,1.000,"Right 25.0 degrees, Accelerate 30.0 kilometers per hour"
2025-04-08 20:12:47,1.000,1.000,"Right 25.0 degrees, Accelerate 30.0 kilometers per hour"
2025-04-08 20:12:49,1.000,1.000,"Right 25.0 degrees, Accelerate 30.0 kilometers per hour"
2025-04-08 20:12:52,1.000,1.000,"Right 25.0 degrees, Accelerate 30.0 kilometers per hour"
2025-04-08 20:12:55,1.000,1.000,"Right 25.0 degrees, Accelerate 30.0 kilometers per hour"
2025-04-08 20:12:57,1.000,1.000,"Right 25.0 degrees, Accelerate 30.0 kilometers per hour"
2025-04-08 20:13:00,1.000,1.000,"Right 25.0 degrees, Accelerate 30.0 kilometers per hour"
2025-04-08 20:13:02,1.000,0.528,"Right 25.0 degrees, Accelerate 15.9 kilometers per hour"
2025-04-08 20:13:05,1.000,1.000,"Right 25.0 degrees, Accelerate 30.0 kilometers per hour"
2025-04-08 20:13:07,1.000,1.000,"Right 25.0 degrees, Accelerate 30.0 kilometers per hour"
2025-04-08 20:13:10,1.000,1.000,"Right 25.0 degrees, Accelerate 30.0 kilometers per hour"
2025-04-08 20:13:12,1.000,1.000,"Right 25.0 degrees, Accelerate 30.0 kilometers per hour"
2025-04-08 20:13:15,1.000,1.000,"Right 25.0 degrees, Accelerate 30.0 kilometers per hour"
2025-04-08 20:13:17,1.000,1.000,"Right 25.0 degrees, Accelerate 30.0 kilometers per hour"
2025-04-08 20:13:20,1.000,1.000,"Right 25.0 degrees, Accelerate 30.0 kilometers per hour"
2025-04-08 20:13:22,1.000,1.000,"Right 25.0 degrees, Accelerate 30.0 kilometers per hour"
2025-04-08 20:13:25,1.000,1.000,"Right 25.0 degrees, Accelerate 30.0 kilometers per hour"
2025-04-08 20:13:27,1.000,0.656,"Right 25.0 degrees, Accelerate 19.7 kilometers per hour"
2025-04-08 20:13:30,1.000,1.000,"Right 25.0 degrees, Accelerate 30.0 kilometers per hour"
2025-04-08 20:13:32,1.000,1.000,"Right 25.0 degrees, Accelerate 30.0 kilometers per hour"
2025-04-08 20:13:35,1.000,1.000,"Right 25.0 degrees, Accelerate 30.0 kilometers per hour"
2025-04-08 20:13:37,1.000,1.000,"Right 25.0 degrees, Accelerate 30.0 kilometers per hour"
2025-04-08 20:13:40,1.000,1.000,"Right 25.0 degrees, Accelerate 30.0 kilometers per hour"
2025-04-08 20:13:42,1.000,1.000,"Right 25.0 degrees, Accelerate 30.0 kilometers per hour"
2025-04-08 20:13:45,1.000,1.000,"Right 25.0 degrees, Accelerate 30.0 kilometers per hour"
2025-04-08 20:13:48,1.000,1.000,"Right 25.0 degrees, Accelerate 30.0 kilometers per hour"
2025-04-08 20:13:50,1.000,0.901,"Right 25.0 degrees, Accelerate 27.0 kilometers per hour"
2025-04-08 20:13:53,1.000,1.000,"Right 25.0 degrees, Accelerate 30.0 kilometers per hour"
2025-04-08 20:13:56,1.000,1.000,"Right 25.0 degrees, Accelerate 30.0 kilometers per hour"
2025-04-08 20:13:59,1.000,0.880,"Right 25.0 degrees, Accelerate 26.4 kilometers per hour"
2025-04-08 20:14:02,1.000,1.000,"Right 25.0 degrees, Accelerate 30.0 kilometers per hour"
2025-04-08 20:14:05,1.000,1.000,"Right 25.0 degrees, Accelerate 30.0 kilometers per hour"
2025-04-08 20:14:07,1.000,1.000,"Right 25.0 degrees, Accelerate 30.0 kilometers per hour"
2025-04-08 20:14:10,1.000,1.000,"Right 25.0 degrees, Accelerate 30.0 kilometers per hour"
2025-04-08 20:14:13,1.000,1.000,"Right 25.0 degrees, Accelerate 30.0 kilometers per hour"
2025-04-08 20:14:16,1.000,1.000,"Right 25.0 degrees, Accelerate 30.0 kilometers per hour"
2025-04-08 20:14:18,1.000,1.000,"Right 25.0 degrees, Accelerate 30.0 kilometers per hour"
2025-04-08 20:14:21,1.000,1.000,"Right 25.0 degrees, Accelerate 30.0 kilometers per hour"
2025-04-08 20:14:24,1.000,1.000,"Right 25.0 degrees, Accelerate 30.0 kilometers per hour"
2025-04-08 20:14:26,1.000,0.971,"Right 25.0 degrees, Accelerate 29.1 kilometers per hour"
2025-04-08 20:14:29,1.000,0.843,"Right 25.0 degrees, Accelerate 25.3 kilometers per hour"
2025-04-08 20:14:32,1.000,1.000,"Right 25.0 degrees, Accelerate 30.0 kilometers per hour"
2025-04-08 20:14:35,1.000,1.000,"Right 25.0 degrees, Accelerate 30.0 kilometers per hour"
2025-04-08 20:14:37,1.000,1.000,"Right 25.0 degrees, Accelerate 30.0 kilometers per hour"
2025-04-08 20:14:40,1.000,1.000,"Right 25.0 degrees, Accelerate 30.0 kilometers per hour"
2025-04-08 20:14:43,1.000,1.000,"Right 25.0 degrees, Accelerate 30.0 kilometers per hour"
2025-04-08 20:14:45,1.000,1.000,"Right 25.0 degrees, Accelerate 30.0 kilometers per hour"
2025-04-08 20:14:48,1.000,0.708,"Right 25.0 degrees, Accelerate 21.2 kilometers per hour"
2025-04-08 20:14:51,1.000,1.000,"Right 25.0 degrees, Accelerate 30.0 kilometers per hour"
2025-04-08 20:14:54,1.000,1.000,"Right 25.0 degrees, Accelerate 30.0 kilometers per hour"
2025-04-08 20:14:56,1.000,1.000,"Right 25.0 degrees, Accelerate 30.0 kilometers per hour"
2025-04-08 20:14:59,1.000,0.933,"Right 25.0 degrees, Accelerate 28.0 kilometers per hour"
2025-04-08 20:15:02,1.000,0.731,"Right 25.0 degrees, Accelerate 21.9 kilometers per hour"
2025-04-08 20:15:05,1.000,1.000,"Right 25.0 degrees, Accelerate 30.0 kilometers per hour"
2025-04-08 20:15:07,1.000,1.000,"Right 25.0 degrees, Accelerate 30.0 kilometers per hour"
2025-04-08 20:15:10,1.000,1.000,"Right 25.0 degrees, Accelerate 30.0 kilometers per hour"
2025-04-08 20:15:13,1.000,1.000,"Right 25.0 degrees, Accelerate 30.0 kilometers per hour"
2025-04-08 20:15:15,1.000,1.000,"Right 25.0 degrees, Accelerate 30.0 kilometers per hour"
2025-04-08 20:15:18,1.000,1.000,"Right 25.0 degrees, Accelerate 30.0 kilometers per hour"
2025-04-08 20:15:21,1.000,1.000,"Right 25.0 degrees, Accelerate 30.0 kilometers per hour"
2025-04-08 20:15:24,1.000,1.000,"Right 25.0 degrees, Accelerate 30.0 kilometers per hour"
2025-04-08 20:15:26,1.000,1.000,"Right 25.0 degrees, Accelerate 30.0 kilometers per hour"
2025-04-08 20:15:29,1.000,1.000,"Right 25.0 degrees, Accelerate 30.0 kilometers per hour"
2025-04-08 20:15:31,1.000,1.000,"Right 25.0 degrees, Accelerate 30.0 kilometers per hour"
2025-04-08 20:15:32,1.000,0.665,"Right 25.0 degrees, Accelerate 19.9 kilometers per hour"
2025-04-08 20:15:33,1.000,0.837,"Right 25.0 degrees, Accelerate 25.1 kilometers per hour"
timestamp,steering,throttle,speech_output
2025-04-08 21:07:38,1.000,1.000,"Right 25.0 degrees, Accelerate 30.0 kilometers per hour"
2025-04-08 21:07:38,1.000,1.000,"Right 25.0 degrees, Accelerate 30.0 kilometers per hour"
2025-04-08 21:07:39,1.000,0.431,"Right 25.0 degrees, Accelerate 12.9 kilometers per hour"
2025-04-08 21:07:40,1.000,0.890,"Right 25.0 degrees, Accelerate 26.7 kilometers per hour"
2025-04-08 21:07:40,1.000,0.786,"Right 25.0 degrees, Accelerate 23.6 kilometers per hour"
2025-04-08 21:07:41,1.000,1.000,"Right 25.0 degrees, Accelerate 30.0 kilometers per hour"
2025-04-08 21:07:41,1.000,0.956,"Right 25.0 degrees, Accelerate 28.7 kilometers per hour"
2025-04-08 21:07:42,1.000,1.000,"Right 25.0 degrees, Accelerate 30.0 kilometers per hour"
2025-04-08 21:07:42,1.000,0.158,"Right 25.0 degrees, Accelerate 4.7 kilometers per hour"
2025-04-08 21:07:43,1.000,1.000,"Right 25.0 degrees, Accelerate 30.0 kilometers per hour"
2025-04-08 21:07:44,1.000,1.000,"Right 25.0 degrees, Accelerate 30.0 kilometers per hour"
2025-04-08 21:07:44,1.000,1.000,"Right 25.0 degrees, Accelerate 30.0 kilometers per hour"
2025-04-08 21:07:45,1.000,1.000,"Right 25.0 degrees, Accelerate 30.0 kilometers per hour"
2025-04-08 21:07:45,1.000,1.000,"Right 25.0 degrees, Accelerate 30.0 kilometers per hour"
2025-04-08 21:07:46,1.000,1.000,"Right 25.0 degrees, Accelerate 30.0 kilometers per hour"
2025-04-08 21:07:47,1.000,1.000,"Right 25.0 degrees, Accelerate 30.0 kilometers per hour"
2025-04-08 21:07:47,1.000,1.000,"Right 25.0 degrees, Accelerate 30.0 kilometers per hour"
2025-04-08 21:07:48,1.000,1.000,"Right 25.0 degrees, Accelerate 30.0 kilometers per hour"
2025-04-08 21:07:48,1.000,1.000,"Right 25.0 degrees, Accelerate 30.0 kilometers per hour"
2025-04-08 21:07:49,1.000,1.000,"Right 25.0 degrees, Accelerate 30.0 kilometers per hour"
2025-04-08 21:07:50,1.000,1.000,"Right 25.0 degrees, Accelerate 30.0 kilometers per hour"
2025-04-08 21:07:50,1.000,0.813,"Right 25.0 degrees, Accelerate 24.4 kilometers per hour"
2025-04-08 21:07:51,1.000,1.000,"Right 25.0 degrees, Accelerate 30.0 kilometers per hour"
2025-04-08 21:07:52,1.000,1.000,"Right 25.0 degrees, Accelerate 30.0 kilometers per hour"
2025-04-08 21:07:52,1.000,0.944,"Right 25.0 degrees, Accelerate 28.3 kilometers per hour"
2025-04-08 21:07:53,1.000,1.000,"Right 25.0 degrees, Accelerate 30.0 kilometers per hour"
2025-04-08 21:07:53,1.000,1.000,"Right 25.0 degrees, Accelerate 30.0 kilometers per hour"
2025-04-08 21:07:54,1.000,1.000,"Right 25.0 degrees, Accelerate 30.0 kilometers per hour"
2025-04-08 21:07:55,1.000,1.000,"Right 25.0 degrees, Accelerate 30.0 kilometers per hour"
2025-04-08 21:07:55,1.000,1.000,"Right 25.0 degrees, Accelerate 30.0 kilometers per hour"
2025-04-08 21:07:56,1.000,1.000,"Right 25.0 degrees, Accelerate 30.0 kilometers per hour"
2025-04-08 21:07:56,1.000,1.000,"Right 25.0 degrees, Accelerate 30.0 kilometers per hour"
2025-04-08 21:07:57,1.000,1.000,"Right 25.0 degrees, Accelerate 30.0 kilometers per hour"
2025-04-08 21:07:58,1.000,1.000,"Right 25.0 degrees, Accelerate 30.0 kilometers per hour"
2025-04-08 21:07:58,1.000,1.000,"Right 25.0 degrees, Accelerate 30.0 kilometers per hour"
2025-04-08 21:07:59,1.000,1.000,"Right 25.0 degrees, Accelerate 30.0 kilometers per hour"
2025-04-08 21:07:59,1.000,1.000,"Right 25.0 degrees, Accelerate 30.0 kilometers per hour"
2025-04-08 21:08:00,1.000,1.000,"Right 25.0 degrees, Accelerate 30.0 kilometers per hour"
2025-04-08 21:08:01,1.000,1.000,"Right 25.0 degrees, Accelerate 30.0 kilometers per hour"
2025-04-08 21:08:01,1.000,1.000,"Right 25.0 degrees, Accelerate 30.0 kilometers per hour"
2025-04-08 21:08:02,1.000,1.000,"Right 25.0 degrees, Accelerate 30.0 kilometers per hour"
2025-04-08 21:08:02,1.000,1.000,"Right 25.0 degrees, Accelerate 30.0 kilometers per hour"
2025-04-08 21:08:03,1.000,1.000,"Right 25.0 degrees, Accelerate 30.0 kilometers per hour"
2025-04-08 21:08:04,1.000,0.896,"Right 25.0 degrees, Accelerate 26.9 kilometers per hour"
2025-04-08 21:08:04,1.000,1.000,"Right 25.0 degrees, Accelerate 30.0 kilometers per hour"
2025-04-08 21:08:05,1.000,1.000,"Right 25.0 degrees, Accelerate 30.0 kilometers per hour"
2025-04-08 21:08:05,1.000,1.000,"Right 25.0 degrees, Accelerate 30.0 kilometers per hour"
2025-04-08 21:08:06,1.000,1.000,"Right 25.0 degrees, Accelerate 30.0 kilometers per hour"
2025-04-08 21:08:07,1.000,1.000,"Right 25.0 degrees, Accelerate 30.0 kilometers per hour"
2025-04-08 21:08:07,1.000,1.000,"Right 25.0 degrees, Accelerate 30.0 kilometers per hour"
2025-04-08 21:08:08,1.000,1.000,"Right 25.0 degrees, Accelerate 30.0 kilometers per hour"
2025-04-08 21:08:08,1.000,0.578,"Right 25.0 degrees, Accelerate 17.3 kilometers per hour"
2025-04-08 21:08:09,1.000,1.000,"Right 25.0 degrees, Accelerate 30.0 kilometers per hour"
2025-04-08 21:08:10,1.000,1.000,"Right 25.0 degrees, Accelerate 30.0 kilometers per hour"
2025-04-08 21:08:10,1.000,1.000,"Right 25.0 degrees, Accelerate 30.0 kilometers per hour"
2025-04-08 21:08:11,1.000,0.905,"Right 25.0 degrees, Accelerate 27.1 kilometers per hour"
2025-04-08 21:08:12,1.000,1.000,"Right 25.0 degrees, Accelerate 30.0 kilometers per hour"
2025-04-08 21:08:13,1.000,1.000,"Right 25.0 degrees, Accelerate 30.0 kilometers per hour"
2025-04-08 21:08:14,1.000,1.000,"Right 25.0 degrees, Accelerate 30.0 kilometers per hour"
2025-04-08 21:08:15,1.000,1.000,"Right 25.0 degrees, Accelerate 30.0 kilometers per hour"
2025-04-08 21:08:16,1.000,1.000,"Right 25.0 degrees, Accelerate 30.0 kilometers per hour"
2025-04-08 21:08:17,1.000,1.000,"Right 25.0 degrees, Accelerate 30.0 kilometers per hour"
2025-04-08 21:08:18,1.000,1.000,"Right 25.0 degrees, Accelerate 30.0 kilometers per hour"
2025-04-08 21:08:18,1.000,1.000,"Right 25.0 degrees, Accelerate 30.0 kilometers per hour"
2025-04-08 21:08:20,1.000,1.000,"Right 25.0 degrees, Accelerate 30.0 kilometers per hour"
2025-04-08 21:08:21,1.000,0.791,"Right 25.0 degrees, Accelerate 23.7 kilometers per hour"
2025-04-08 21:08:22,1.000,1.000,"Right 25.0 degrees, Accelerate 30.0 kilometers per hour"
2025-04-08 21:08:23,1.000,1.000,"Right 25.0 degrees, Accelerate 30.0 kilometers per hour"
2025-04-08 21:08:24,1.000,1.000,"Right 25.0 degrees, Accelerate 30.0 kilometers per hour"
2025-04-08 21:08:25,1.000,1.000,"Right 25.0 degrees, Accelerate 30.0 kilometers per hour"
2025-04-08 21:08:26,1.000,1.000,"Right 25.0 degrees, Accelerate 30.0 kilometers per hour"
2025-04-08 21:08:26,1.000,1.000,"Right 25.0 degrees, Accelerate 30.0 kilometers per hour"
2025-04-08 21:08:27,1.000,1.000,"Right 25.0 degrees, Accelerate 30.0 kilometers per hour"
2025-04-08 21:08:28,1.000,1.000,"Right 25.0 degrees, Accelerate 30.0 kilometers per hour"
2025-04-08 21:08:29,1.000,1.000,"Right 25.0 degrees, Accelerate 30.0 kilometers per hour"
2025-04-08 21:08:30,1.000,1.000,"Right 25.0 degrees, Accelerate 30.0 kilometers per hour"
2025-04-08 21:08:31,1.000,1.000,"Right 25.0 degrees, Accelerate 30.0 kilometers per hour"
2025-04-08 21:08:32,1.000,1.000,"Right 25.0 degrees, Accelerate 30.0 kilometers per hour"
2025-04-08 21:08:33,1.000,0.924,"Right 25.0 degrees, Accelerate 27.7 kilometers per hour"
2025-04-08 21:08:34,1.000,1.000,"Right 25.0 degrees, Accelerate 30.0 kilometers per hour"
2025-04-08 21:08:35,1.000,1.000,"Right 25.0 degrees, Accelerate 30.0 kilometers per hour"
2025-04-08 21:08:36,1.000,1.000,"Right 25.0 degrees, Accelerate 30.0 kilometers per hour"
2025-04-08 21:08:37,1.000,0.000,"Right 25.0 degrees, Brake 0.0 kilometers per hour"
2025-04-08 21:08:38,1.000,1.000,"Right 25.0 degrees, Accelerate 30.0 kilometers per hour"
2025-04-08 21:08:39,1.000,1.000,"Right 25.0 degrees, Accelerate 30.0 kilometers per hour"
2025-04-08 21:08:40,1.000,1.000,"Right 25.0 degrees, Accelerate 30.0 kilometers per hour"
2025-04-08 21:08:41,1.000,1.000,"Right 25.0 degrees, Accelerate 30.0 kilometers per hour"
2025-04-08 21:08:41,1.000,1.000,"Right 25.0 degrees, Accelerate 30.0 kilometers per hour"
2025-04-08 21:08:42,1.000,1.000,"Right 25.0 degrees, Accelerate 30.0 kilometers per hour"
2025-04-08 21:08:43,1.000,1.000,"Right 25.0 degrees, Accelerate 30.0 kilometers per hour"
2025-04-08 21:08:44,1.000,1.000,"Right 25.0 degrees, Accelerate 30.0 kilometers per hour"
2025-04-08 21:08:45,1.000,0.961,"Right 25.0 degrees, Accelerate 28.8 kilometers per hour"
2025-04-08 21:08:46,1.000,1.000,"Right 25.0 degrees, Accelerate 30.0 kilometers per hour"
2025-04-08 21:08:47,1.000,1.000,"Right 25.0 degrees, Accelerate 30.0 kilometers per hour"
2025-04-08 21:08:48,1.000,1.000,"Right 25.0 degrees, Accelerate 30.0 kilometers per hour"
2025-04-08 21:08:49,1.000,1.000,"Right 25.0 degrees, Accelerate 30.0 kilometers per hour"
2025-04-08 21:08:49,1.000,1.000,"Right 25.0 degrees, Accelerate 30.0 kilometers per hour"
2025-04-08 21:08:50,1.000,0.673,"Right 25.0 degrees, Accelerate 20.2 kilometers per hour"
2025-04-08 21:08:51,1.000,1.000,"Right 25.0 degrees, Accelerate 30.0 kilometers per hour"
2025-04-08 21:08:52,1.000,0.819,"Right 25.0 degrees, Accelerate 24.6 kilometers per hour"
2025-04-08 21:08:53,1.000,1.000,"Right 25.0 degrees, Accelerate 30.0 kilometers per hour"
2025-04-08 21:08:54,1.000,1.000,"Right 25.0 degrees, Accelerate 30.0 kilometers per hour"
2025-04-08 21:08:55,1.000,1.000,"Right 25.0 degrees, Accelerate 30.0 kilometers per hour"
2025-04-08 21:08:56,1.000,0.925,"Right 25.0 degrees, Accelerate 27.8 kilometers per hour"
2025-04-08 21:08:57,1.000,1.000,"Right 25.0 degrees, Accelerate 30.0 kilometers per hour"
2025-04-08 21:08:58,1.000,1.000,"Right 25.0 degrees, Accelerate 30.0 kilometers per hour"
2025-04-08 21:08:59,1.000,1.000,"Right 25.0 degrees, Accelerate 30.0 kilometers per hour"
2025-04-08 21:08:59,1.000,1.000,"Right 25.0 degrees, Accelerate 30.0 kilometers per hour"
2025-04-08 21:09:00,1.000,1.000,"Right 25.0 degrees, Accelerate 30.0 kilometers per hour"
2025-04-08 21:09:01,1.000,1.000,"Right 25.0 degrees, Accelerate 30.0 kilometers per hour"
2025-04-08 21:09:02,1.000,1.000,"Right 25.0 degrees, Accelerate 30.0 kilometers per hour"
2025-04-08 21:09:03,1.000,1.000,"Right 25.0 degrees, Accelerate 30.0 kilometers per hour"
2025-04-08 21:09:04,1.000,1.000,"Right 25.0 degrees, Accelerate 30.0 kilometers per hour"
2025-04-08 21:09:05,1.000,1.000,"Right 25.0 degrees, Accelerate 30.0 kilometers per hour"
2025-04-08 21:09:06,1.000,1.000,"Right 25.0 degrees, Accelerate 30.0 kilometers per hour"
2025-04-08 21:09:07,1.000,1.000,"Right 25.0 degrees, Accelerate 30.0 kilometers per hour"
2025-04-08 21:09:08,1.000,1.000,"Right 25.0 degrees, Accelerate 30.0 kilometers per hour"
timestamp,steering,throttle,speech_output
2025-04-08 21:09:16,1.000,0.200,"Right 25.0 degrees, Accelerate 6.0 kilometers per hour"
2025-04-08 21:09:17,1.000,1.000,"Right 25.0 degrees, Accelerate 30.0 kilometers per hour"
2025-04-08 21:09:18,1.000,1.000,"Right 25.0 degrees, Accelerate 30.0 kilometers per hour"
2025-04-08 21:09:19,1.000,1.000,"Right 25.0 degrees, Accelerate 30.0 kilometers per hour"
timestamp,steering,throttle,speech_output
2025-04-08 21:09:56,1.000,1.000,"Right 25.0 degrees, Accelerate 30.0 kilometers per hour"
2025-04-08 21:09:57,1.000,1.000,"Right 25.0 degrees, Accelerate 30.0 kilometers per hour"
2025-04-08 21:09:58,1.000,0.850,"Right 25.0 degrees, Accelerate 25.5 kilometers per hour"
2025-04-08 21:09:59,1.000,1.000,"Right 25.0 degrees, Accelerate 30.0 kilometers per hour"
2025-04-08 21:10:00,1.000,1.000,"Right 25.0 degrees, Accelerate 30.0 kilometers per hour"
2025-04-08 21:10:01,1.000,1.000,"Right 25.0 degrees, Accelerate 30.0 kilometers per hour"
2025-04-08 21:10:01,1.000,1.000,"Right 25.0 degrees, Accelerate 30.0 kilometers per hour"
2025-04-08 21:10:02,1.000,1.000,"Right 25.0 degrees, Accelerate 30.0 kilometers per hour"
2025-04-08 21:10:03,1.000,0.846,"Right 25.0 degrees, Accelerate 25.4 kilometers per hour"
2025-04-08 21:10:05,0.637,1.000,"Right 15.9 degrees, Accelerate 30.0 kilometers per hour"
2025-04-08 21:10:06,1.000,1.000,"Right 25.0 degrees, Accelerate 30.0 kilometers per hour"
2025-04-08 21:10:07,1.000,1.000,"Right 25.0 degrees, Accelerate 30.0 kilometers per hour"
2025-04-08 21:10:07,1.000,1.000,"Right 25.0 degrees, Accelerate 30.0 kilometers per hour"
2025-04-08 21:10:08,1.000,1.000,"Right 25.0 degrees, Accelerate 30.0 kilometers per hour"
2025-04-08 21:10:09,1.000,1.000,"Right 25.0 degrees, Accelerate 30.0 kilometers per hour"
2025-04-08 21:10:10,1.000,0.717,"Right 25.0 degrees, Accelerate 21.5 kilometers per hour"
timestamp,steering,throttle,speech_output
2025-04-08 21:16:25,1.000,1.000,"Right 25.0 degrees, Accelerate 30.0 kilometers per hour"
2025-04-08 21:16:25,1.000,1.000,"Right 25.0 degrees, Accelerate 30.0 kilometers per hour"
2025-04-08 21:16:26,1.000,1.000,"Right 25.0 degrees, Accelerate 30.0 kilometers per hour"
2025-04-08 21:16:27,1.000,1.000,"Right 25.0 degrees, Accelerate 30.0 kilometers per hour"
2025-04-08 21:16:27,1.000,1.000,"Right 25.0 degrees, Accelerate 30.0 kilometers per hour"
2025-04-08 21:16:28,1.000,1.000,"Right 25.0 degrees, Accelerate 30.0 kilometers per hour"
2025-04-08 21:16:29,1.000,1.000,"Right 25.0 degrees, Accelerate 30.0 kilometers per hour"
2025-04-08 21:16:30,1.000,1.000,"Right 25.0 degrees, Accelerate 30.0 kilometers per hour"
2025-04-08 21:16:30,1.000,1.000,"Right 25.0 degrees, Accelerate 30.0 kilometers per hour"
2025-04-08 21:16:31,1.000,1.000,"Right 25.0 degrees, Accelerate 30.0 kilometers per hour"
2025-04-08 21:16:31,1.000,1.000,"Right 25.0 degrees, Accelerate 30.0 kilometers per hour"
2025-04-08 21:16:32,1.000,1.000,"Right 25.0 degrees, Accelerate 30.0 kilometers per hour"
2025-04-08 21:16:33,1.000,1.000,"Right 25.0 degrees, Accelerate 30.0 kilometers per hour"
2025-04-08 21:16:33,1.000,1.000,"Right 25.0 degrees, Accelerate 30.0 kilometers per hour"
2025-04-08 21:16:34,1.000,1.000,"Right 25.0 degrees, Accelerate 30.0 kilometers per hour"
2025-04-08 21:16:34,1.000,1.000,"Right 25.0 degrees, Accelerate 30.0 kilometers per hour"
2025-04-08 21:16:35,1.000,1.000,"Right 25.0 degrees, Accelerate 30.0 kilometers per hour"
2025-04-08 21:16:36,1.000,1.000,"Right 25.0 degrees, Accelerate 30.0 kilometers per hour"
2025-04-08 21:16:36,1.000,1.000,"Right 25.0 degrees, Accelerate 30.0 kilometers per hour"
2025-04-08 21:16:37,1.000,1.000,"Right 25.0 degrees, Accelerate 30.0 kilometers per hour"
2025-04-08 21:16:38,1.000,1.000,"Right 25.0 degrees, Accelerate 30.0 kilometers per hour"
2025-04-08 21:16:38,1.000,1.000,"Right 25.0 degrees, Accelerate 30.0 kilometers per hour"
2025-04-08 21:16:39,1.000,1.000,"Right 25.0 degrees, Accelerate 30.0 kilometers per hour"
2025-04-08 21:16:39,1.000,1.000,"Right 25.0 degrees, Accelerate 30.0 kilometers per hour"
2025-04-08 21:16:40,1.000,1.000,"Right 25.0 degrees, Accelerate 30.0 kilometers per hour"
2025-04-08 21:16:41,1.000,1.000,"Right 25.0 degrees, Accelerate 30.0 kilometers per hour"
2025-04-08 21:16:42,1.000,1.000,"Right 25.0 degrees, Accelerate 30.0 kilometers per hour"
timestamp,steering,throttle,speech_output
2025-04-08 21:17:55,1.000,1.000,"Right 25.0 degrees, Accelerate 30.0 kilometers per hour"
2025-04-08 21:17:56,1.000,1.000,"Right 25.0 degrees, Accelerate 30.0 kilometers per hour"
2025-04-08 21:17:57,1.000,1.000,"Right 25.0 degrees, Accelerate 30.0 kilometers per hour"
2025-04-08 21:17:57,1.000,1.000,"Right 25.0 degrees, Accelerate 30.0 kilometers per hour"
2025-04-08 21:17:58,1.000,1.000,"Right 25.0 degrees, Accelerate 30.0 kilometers per hour"
2025-04-08 21:17:59,1.000,1.000,"Right 25.0 degrees, Accelerate 30.0 kilometers per hour"
2025-04-08 21:18:00,1.000,1.000,"Right 25.0 degrees, Accelerate 30.0 kilometers per hour"
2025-04-08 21:18:01,1.000,1.000,"Right 25.0 degrees, Accelerate 30.0 kilometers per hour"
2025-04-08 21:18:02,1.000,1.000,"Right 25.0 degrees, Accelerate 30.0 kilometers per hour"
2025-04-08 21:18:03,1.000,1.000,"Right 25.0 degrees, Accelerate 30.0 kilometers per hour"
2025-04-08 21:18:04,1.000,1.000,"Right 25.0 degrees, Accelerate 30.0 kilometers per hour"
2025-04-08 21:18:05,1.000,1.000,"Right 25.0 degrees, Accelerate 30.0 kilometers per hour"
2025-04-08 21:18:06,1.000,1.000,"Right 25.0 degrees, Accelerate 30.0 kilometers per hour"
2025-04-08 21:18:07,1.000,1.000,"Right 25.0 degrees, Accelerate 30.0 kilometers per hour"
2025-04-08 21:18:08,1.000,1.000,"Right 25.0 degrees, Accelerate 30.0 kilometers per hour"
2025-04-08 21:18:09,1.000,1.000,"Right 25.0 degrees, Accelerate 30.0 kilometers per hour"
2025-04-08 21:18:10,1.000,1.000,"Right 25.0 degrees, Accelerate 30.0 kilometers per hour"
2025-04-08 21:18:11,1.000,1.000,"Right 25.0 degrees, Accelerate 30.0 kilometers per hour"
2025-04-08 21:18:12,1.000,1.000,"Right 25.0 degrees, Accelerate 30.0 kilometers per hour"
2025-04-08 21:18:13,1.000,1.000,"Right 25.0 degrees, Accelerate 30.0 kilometers per hour"
2025-04-08 21:18:14,1.000,1.000,"Right 25.0 degrees, Accelerate 30.0 kilometers per hour"
2025-04-08 21:18:15,1.000,1.000,"Right 25.0 degrees, Accelerate 30.0 kilometers per hour"
2025-04-08 21:18:16,1.000,1.000,"Right 25.0 degrees, Accelerate 30.0 kilometers per hour"
2025-04-08 21:18:17,1.000,1.000,"Right 25.0 degrees, Accelerate 30.0 kilometers per hour"
2025-04-08 21:18:17,1.000,1.000,"Right 25.0 degrees, Accelerate 30.0 kilometers per hour"
timestamp,steering,throttle,speech_output
2025-04-08 21:22:40,1.000,1.000,"Right 25.0 degrees, Accelerate 30.0 kilometers per hour"
2025-04-08 21:22:40,1.000,1.000,"Right 25.0 degrees, Accelerate 30.0 kilometers per hour"
2025-04-08 21:22:41,1.000,1.000,"Right 25.0 degrees, Accelerate 30.0 kilometers per hour"
2025-04-08 21:22:42,1.000,1.000,"Right 25.0 degrees, Accelerate 30.0 kilometers per hour"
2025-04-08 21:22:43,1.000,1.000,"Right 25.0 degrees, Accelerate 30.0 kilometers per hour"
2025-04-08 21:22:44,1.000,1.000,"Right 25.0 degrees, Accelerate 30.0 kilometers per hour"
2025-04-08 21:22:45,1.000,1.000,"Right 25.0 degrees, Accelerate 30.0 kilometers per hour"
2025-04-08 21:22:46,1.000,1.000,"Right 25.0 degrees, Accelerate 30.0 kilometers per hour"
2025-04-08 21:22:47,1.000,1.000,"Right 25.0 degrees, Accelerate 30.0 kilometers per hour"
2025-04-08 21:22:48,1.000,1.000,"Right 25.0 degrees, Accelerate 30.0 kilometers per hour"
2025-04-08 21:22:49,1.000,1.000,"Right 25.0 degrees, Accelerate 30.0 kilometers per hour"
2025-04-08 21:22:50,1.000,1.000,"Right 25.0 degrees, Accelerate 30.0 kilometers per hour"
2025-04-08 21:22:51,1.000,1.000,"Right 25.0 degrees, Accelerate 30.0 kilometers per hour"
2025-04-08 21:22:51,1.000,1.000,"Right 25.0 degrees, Accelerate 30.0 kilometers per hour"
2025-04-08 21:22:52,1.000,1.000,"Right 25.0 degrees, Accelerate 30.0 kilometers per hour"
timestamp,steering,throttle,speech_output
2025-04-08 21:36:25,1.000,1.000,"Right 25.0 degrees, Accelerate 30.0 kilometers per hour"
2025-04-08 21:36:39,1.000,1.000,"Right 25.0 degrees, Accelerate 30.0 kilometers per hour"
2025-04-08 21:36:53,1.000,1.000,"Right 25.0 degrees, Accelerate 30.0 kilometers per hour"
2025-04-08 21:37:07,1.000,1.000,"Right 25.0 degrees, Accelerate 30.0 kilometers per hour"
2025-04-08 21:37:22,1.000,1.000,"Right 25.0 degrees, Accelerate 30.0 kilometers per hour"
2025-04-08 21:37:36,1.000,1.000,"Right 25.0 degrees, Accelerate 30.0 kilometers per hour"
2025-04-08 21:37:50,1.000,1.000,"Right 25.0 degrees, Accelerate 30.0 kilometers per hour"
2025-04-08 21:38:05,1.000,1.000,"Right 25.0 degrees, Accelerate 30.0 kilometers per hour"
2025-04-08 21:38:19,1.000,1.000,"Right 25.0 degrees, Accelerate 30.0 kilometers per hour"
2025-04-08 21:38:33,1.000,1.000,"Right 25.0 degrees, Accelerate 30.0 kilometers per hour"
2025-04-08 21:38:47,1.000,1.000,"Right 25.0 degrees, Accelerate 30.0 kilometers per hour"
2025-04-08 21:39:01,1.000,1.000,"Right 25.0 degrees, Accelerate 30.0 kilometers per hour"
2025-04-08 21:39:16,1.000,1.000,"Right 25.0 degrees, Accelerate 30.0 kilometers per hour"
2025-04-08 21:39:30,1.000,1.000,"Right 25.0 degrees, Accelerate 30.0 kilometers per hour"
2025-04-08 21:39:44,1.000,1.000,"Right 25.0 degrees, Accelerate 30.0 kilometers per hour"
2025-04-08 21:39:58,1.000,1.000,"Right 25.0 degrees, Accelerate 30.0 kilometers per hour"
2025-04-08 21:40:13,1.000,1.000,"Right 25.0 degrees, Accelerate 30.0 kilometers per hour"
2025-04-08 21:40:27,1.000,1.000,"Right 25.0 degrees, Accelerate 30.0 kilometers per hour"
2025-04-08 21:40:41,1.000,1.000,"Right 25.0 degrees, Accelerate 30.0 kilometers per hour"
2025-04-08 21:40:56,1.000,1.000,"Right 25.0 degrees, Accelerate 30.0 kilometers per hour"
2025-04-08 21:41:10,1.000,1.000,"Right 25.0 degrees, Accelerate 30.0 kilometers per hour"
2025-04-08 21:41:24,1.000,1.000,"Right 25.0 degrees, Accelerate 30.0 kilometers per hour"
2025-04-08 21:41:39,1.000,1.000,"Right 25.0 degrees, Accelerate 30.0 kilometers per hour"
2025-04-08 21:41:53,1.000,1.000,"Right 25.0 degrees, Accelerate 30.0 kilometers per hour"
2025-04-08 21:42:07,1.000,1.000,"Right 25.0 degrees, Accelerate 30.0 kilometers per hour"
2025-04-08 21:42:21,1.000,1.000,"Right 25.0 degrees, Accelerate 30.0 kilometers per hour"
2025-04-08 21:42:36,1.000,1.000,"Right 25.0 degrees, Accelerate 30.0 kilometers per hour"
2025-04-08 21:42:50,1.000,1.000,"Right 25.0 degrees, Accelerate 30.0 kilometers per hour"
2025-04-08 21:43:04,1.000,1.000,"Right 25.0 degrees, Accelerate 30.0 kilometers per hour"
2025-04-08 21:43:18,1.000,1.000,"Right 25.0 degrees, Accelerate 30.0 kilometers per hour"
2025-04-08 21:43:33,1.000,1.000,"Right 25.0 degrees, Accelerate 30.0 kilometers per hour"
2025-04-08 21:43:47,1.000,1.000,"Right 25.0 degrees, Accelerate 30.0 kilometers per hour"
2025-04-08 21:44:01,1.000,1.000,"Right 25.0 degrees, Accelerate 30.0 kilometers per hour"
timestamp,steering,throttle,speech_output
2025-04-08 22:05:45,1.000,1.000,"Right 25.0 degrees, Accelerate 30.0 kilometers per hour"
2025-04-08 22:05:45,1.000,0.969,"Right 25.0 degrees, Accelerate 29.1 kilometers per hour"
2025-04-08 22:05:46,1.000,1.000,"Right 25.0 degrees, Accelerate 30.0 kilometers per hour"
2025-04-08 22:05:47,1.000,1.000,"Right 25.0 degrees, Accelerate 30.0 kilometers per hour"
2025-04-08 22:05:49,1.000,1.000,"Right 25.0 degrees, Accelerate 30.0 kilometers per hour"
2025-04-08 22:05:50,1.000,1.000,"Right 25.0 degrees, Accelerate 30.0 kilometers per hour"
2025-04-08 22:05:51,1.000,1.000,"Right 25.0 degrees, Accelerate 30.0 kilometers per hour"
2025-04-08 22:05:52,1.000,1.000,"Right 25.0 degrees, Accelerate 30.0 kilometers per hour"
2025-04-08 22:05:53,1.000,1.000,"Right 25.0 degrees, Accelerate 30.0 kilometers per hour"
2025-04-08 22:05:54,1.000,1.000,"Right 25.0 degrees, Accelerate 30.0 kilometers per hour"
2025-04-08 22:05:55,1.000,1.000,"Right 25.0 degrees, Accelerate 30.0 kilometers per hour"
2025-04-08 22:05:56,1.000,0.946,"Right 25.0 degrees, Accelerate 28.4 kilometers per hour"
2025-04-08 22:05:57,1.000,1.000,"Right 25.0 degrees, Accelerate 30.0 kilometers per hour"
2025-04-08 22:05:58,1.000,1.000,"Right 25.0 degrees, Accelerate 30.0 kilometers per hour"
